,CASE_STATUS,YEAR,YEAR_2016,PERCENTAGE
0,CERTIFIED,2615623,569646.0,0.21778597297852176
1,CERTIFIED-WITHDRAWN,202659,47092.0,0.23237063244168776
2,DENIED,94346,9175.0,0.09724842600640196
6,WITHDRAWN,89799,21890.0,0.2437666343723204
